<?xml version="1.0" encoding="UTF-8"?>
<metadata xml:lang="es"><Esri><CreaDate>20180904</CreaDate><CreaTime>18421400</CreaTime><ArcGISFormat>1.0</ArcGISFormat><SyncOnce>FALSE</SyncOnce><DataProperties><itemProps><itemLocation><linkage Sync="TRUE">Server=SRVSIGOTNAL; Service=sde:sqlserver:SRVSIGOTNAL; Database=sigot; User=sde; Version=sde.DEFAULT</linkage><protocol Sync="TRUE">ArcSDE Connection</protocol></itemLocation><itemName Sync="TRUE">sigot.SDE.dv_municipio_3</itemName><imsContentType Sync="TRUE">002</imsContentType></itemProps><coordRef><type Sync="TRUE">Projected</type><geogcsn Sync="TRUE">CGS_SIRGAS</geogcsn><csUnits Sync="TRUE">Linear Unit: Meter (1.000000)</csUnits><projcsn Sync="TRUE">GAUSS_BTA_MAGNA</projcsn><peXml Sync="TRUE">&lt;ProjectedCoordinateSystem xsi:type='typens:ProjectedCoordinateSystem' xmlns:xsi='http://www.w3.org/2001/XMLSchema-instance' xmlns:xs='http://www.w3.org/2001/XMLSchema' xmlns:typens='http://www.esri.com/schemas/ArcGIS/10.1'&gt;&lt;WKT&gt;PROJCS[&amp;quot;GAUSS_BTA_MAGNA&amp;quot;,GEOGCS[&amp;quot;CGS_SIRGAS&amp;quot;,DATUM[&amp;quot;CGS_SIRGAS&amp;quot;,SPHEROID[&amp;quot;GRS_1980&amp;quot;,6378137.0,298.257222101]],PRIMEM[&amp;quot;Greenwich&amp;quot;,0.0],UNIT[&amp;quot;Degree&amp;quot;,0.0174532925199433]],PROJECTION[&amp;quot;Transverse_Mercator&amp;quot;],PARAMETER[&amp;quot;False_Easting&amp;quot;,1000000.0],PARAMETER[&amp;quot;False_Northing&amp;quot;,1000000.0],PARAMETER[&amp;quot;Central_Meridian&amp;quot;,-74.077507917],PARAMETER[&amp;quot;Scale_Factor&amp;quot;,1.0],PARAMETER[&amp;quot;Latitude_Of_Origin&amp;quot;,4.596200417],UNIT[&amp;quot;Meter&amp;quot;,1.0]]&lt;/WKT&gt;&lt;XOrigin&gt;-4623199.998831043&lt;/XOrigin&gt;&lt;YOrigin&gt;-9510299.9973023199&lt;/YOrigin&gt;&lt;XYScale&gt;7812.4999927240415&lt;/XYScale&gt;&lt;ZOrigin&gt;0&lt;/ZOrigin&gt;&lt;ZScale&gt;1&lt;/ZScale&gt;&lt;MOrigin&gt;0&lt;/MOrigin&gt;&lt;MScale&gt;1&lt;/MScale&gt;&lt;XYTolerance&gt;0.008192000007629395&lt;/XYTolerance&gt;&lt;ZTolerance&gt;2.0000000000000002e-005&lt;/ZTolerance&gt;&lt;MTolerance&gt;2.0000000000000002e-005&lt;/MTolerance&gt;&lt;HighPrecision&gt;true&lt;/HighPrecision&gt;&lt;/ProjectedCoordinateSystem&gt;</peXml></coordRef><lineage><Process ToolSource="c:\arcgis\desktop10.2\ArcToolbox\Toolboxes\Conversion Tools.tbx\FeatureClassToFeatureClass" Date="20170411" Time="081406">FeatureClassToFeatureClass F:\2017\TRANSFERENCIAS\INVIAS\SIGOT_2017.mdb\BC_DIVISION_POLITICA\dv_municipio_3 "Database Connections\Connection to SRVSIGOTNAL.sde\sigot.SDE.BC_DIVISION_POLITICA" dv_municipio_3 # "ID_ESPACIAL "CODMUNICIPIO" true true false 5 Text 0 0 ,First,#,F:\2017\TRANSFERENCIAS\INVIAS\SIGOT_2017.mdb\BC_DIVISION_POLITICA\dv_municipio_3,ID_ESPACIAL,-1,-1;AREA_OFICIAL "AREA_OFICIAL" true true false 8 Double 0 0 ,First,#,F:\2017\TRANSFERENCIAS\INVIAS\SIGOT_2017.mdb\BC_DIVISION_POLITICA\dv_municipio_3,AREA_OFICIAL,-1,-1;ENTIDAD_TERRITORIAL "ENTIDAD_TERRITORIAL" true true false 80 Text 0 0 ,First,#,F:\2017\TRANSFERENCIAS\INVIAS\SIGOT_2017.mdb\BC_DIVISION_POLITICA\dv_municipio_3,ENTIDAD_TERRITORIAL,-1,-1;NOM_DEPARTAMENTO "NOMDEPARTAMENTO" true true false 70 Text 0 0 ,First,#,F:\2017\TRANSFERENCIAS\INVIAS\SIGOT_2017.mdb\BC_DIVISION_POLITICA\dv_municipio_3,NOM_DEPARTAMENTO,-1,-1;NOM_MUNICIPIO "NOMMUNICIPIO" true true false 70 Text 0 0 ,First,#,F:\2017\TRANSFERENCIAS\INVIAS\SIGOT_2017.mdb\BC_DIVISION_POLITICA\dv_municipio_3,NOM_MUNICIPIO,-1,-1;COD_DEPTO "CODDEPARTAMENTO" true true false 5 Text 0 0 ,First,#,F:\2017\TRANSFERENCIAS\INVIAS\SIGOT_2017.mdb\BC_DIVISION_POLITICA\dv_municipio_3,COD_DEPTO,-1,-1;SHAPE_Length "SHAPE_Length" false true true 8 Double 0 0 ,First,#,F:\2017\TRANSFERENCIAS\INVIAS\SIGOT_2017.mdb\BC_DIVISION_POLITICA\dv_municipio_3,SHAPE_Length,-1,-1;SHAPE_Area "SHAPE_Area" false true true 8 Double 0 0 ,First,#,F:\2017\TRANSFERENCIAS\INVIAS\SIGOT_2017.mdb\BC_DIVISION_POLITICA\dv_municipio_3,SHAPE_Area,-1,-1" #</Process></lineage></DataProperties><SyncDate>20170411</SyncDate><SyncTime>08140000</SyncTime><ModDate>20170411</ModDate><ModTime>08140000</ModTime></Esri><dataIdInfo><envirDesc Sync="TRUE"> Version 6.2 (Build 9200) ; Esri ArcGIS 10.2.2.3552</envirDesc><dataLang><languageCode value="spa" Sync="TRUE"/><countryCode value="COL" Sync="TRUE"/></dataLang><idCitation><resTitle Sync="TRUE">sigot.SDE.dv_municipio_3</resTitle><presForm><PresFormCd value="005" Sync="TRUE"/></presForm></idCitation><spatRpType><SpatRepTypCd value="001" Sync="TRUE"/></spatRpType></dataIdInfo><mdLang><languageCode value="spa" Sync="TRUE"/><countryCode value="COL" Sync="TRUE"/></mdLang><distInfo><distFormat><formatName Sync="TRUE">SDE Feature Class</formatName></distFormat></distInfo><mdHrLv><ScopeCd value="005" Sync="TRUE"/></mdHrLv><mdHrLvName Sync="TRUE">dataset</mdHrLvName><refSysInfo><RefSystem><refSysID><identCode code="0" Sync="TRUE"/></refSysID></RefSystem></refSysInfo><spatRepInfo><VectSpatRep><geometObjs Name="sigot.SDE.dv_municipio_3"><geoObjTyp><GeoObjTypCd value="002" Sync="TRUE"/></geoObjTyp><geoObjCnt Sync="TRUE">0</geoObjCnt></geometObjs><topLvl><TopoLevCd value="001" Sync="TRUE"/></topLvl></VectSpatRep></spatRepInfo><spdoinfo><ptvctinf><esriterm Name="sigot.SDE.dv_municipio_3"><efeatyp Sync="TRUE">Simple</efeatyp><efeageom code="4" Sync="TRUE"/><esritopo Sync="TRUE">FALSE</esritopo><efeacnt Sync="TRUE">0</efeacnt><spindex Sync="TRUE">FALSE</spindex><linrefer Sync="TRUE">FALSE</linrefer></esriterm></ptvctinf></spdoinfo><eainfo><detailed Name="sigot.SDE.dv_municipio_3"><enttyp><enttypl Sync="TRUE">sigot.SDE.dv_municipio_3</enttypl><enttypt Sync="TRUE">Feature Class</enttypt><enttypc Sync="TRUE">0</enttypc></enttyp><attr><attrlabl Sync="TRUE">OBJECTID</attrlabl><attalias Sync="TRUE">OBJECTID</attalias><attrtype Sync="TRUE">OID</attrtype><attwidth Sync="TRUE">4</attwidth><atprecis Sync="TRUE">10</atprecis><attscale Sync="TRUE">0</attscale><attrdef Sync="TRUE">Internal feature number.</attrdef><attrdefs Sync="TRUE">Esri</attrdefs><attrdomv><udom Sync="TRUE">Sequential unique whole numbers that are automatically generated.</udom></attrdomv></attr><attr><attrlabl Sync="TRUE">ID_ESPACIAL</attrlabl><attalias Sync="TRUE">CODMUNICIPIO</attalias><attrtype Sync="TRUE">String</attrtype><attwidth Sync="TRUE">5</attwidth><atprecis Sync="TRUE">0</atprecis><attscale Sync="TRUE">0</attscale></attr><attr><attrlabl Sync="TRUE">AREA_OFICIAL</attrlabl><attalias Sync="TRUE">AREA_OFICIAL</attalias><attrtype Sync="TRUE">Double</attrtype><attwidth Sync="TRUE">8</attwidth><atprecis Sync="TRUE">38</atprecis><attscale Sync="TRUE">8</attscale></attr><attr><attrlabl Sync="TRUE">ENTIDAD_TERRITORIAL</attrlabl><attalias Sync="TRUE">ENTIDAD_TERRITORIAL</attalias><attrtype Sync="TRUE">String</attrtype><attwidth Sync="TRUE">80</attwidth><atprecis Sync="TRUE">0</atprecis><attscale Sync="TRUE">0</attscale></attr><attr><attrlabl Sync="TRUE">NOM_DEPARTAMENTO</attrlabl><attalias Sync="TRUE">NOMDEPARTAMENTO</attalias><attrtype Sync="TRUE">String</attrtype><attwidth Sync="TRUE">70</attwidth><atprecis Sync="TRUE">0</atprecis><attscale Sync="TRUE">0</attscale></attr><attr><attrlabl Sync="TRUE">NOM_MUNICIPIO</attrlabl><attalias Sync="TRUE">NOMMUNICIPIO</attalias><attrtype Sync="TRUE">String</attrtype><attwidth Sync="TRUE">70</attwidth><atprecis Sync="TRUE">0</atprecis><attscale Sync="TRUE">0</attscale></attr><attr><attrlabl Sync="TRUE">COD_DEPTO</attrlabl><attalias Sync="TRUE">CODDEPARTAMENTO</attalias><attrtype Sync="TRUE">String</attrtype><attwidth Sync="TRUE">5</attwidth><atprecis Sync="TRUE">0</atprecis><attscale Sync="TRUE">0</attscale></attr><attr><attrlabl Sync="TRUE">Shape</attrlabl><attalias Sync="TRUE">Shape</attalias><attrtype Sync="TRUE">Geometry</attrtype><attwidth Sync="TRUE">4</attwidth><atprecis Sync="TRUE">0</atprecis><attscale Sync="TRUE">0</attscale><attrdef Sync="TRUE">Feature geometry.</attrdef><attrdefs Sync="TRUE">Esri</attrdefs><attrdomv><udom Sync="TRUE">Coordinates defining the features.</udom></attrdomv></attr><attr><attrlabl Sync="TRUE">Shape.area</attrlabl><attalias Sync="TRUE">Shape.area</attalias><attrtype Sync="TRUE">Double</attrtype><attwidth Sync="TRUE">0</attwidth><atprecis Sync="TRUE">0</atprecis><attscale Sync="TRUE">0</attscale></attr><attr><attrlabl Sync="TRUE">Shape.len</attrlabl><attalias Sync="TRUE">Shape.len</attalias><attrtype Sync="TRUE">Double</attrtype><attwidth Sync="TRUE">0</attwidth><atprecis Sync="TRUE">0</atprecis><attscale Sync="TRUE">0</attscale></attr></detailed></eainfo><mdDateSt Sync="TRUE">20170411</mdDateSt></metadata>
